scenario_id,terrain_type,response_budget,advantage,red_quality,red_doctrinal_alignment,candidate_diversity,candidate_quality_spread,n_pareto_optimal
urban-100,urban,1,0.5507364141130886,0.06111696560372475,0.77,0.0,0.0,1
urban-100,urban,2,0.5507364141130886,0.06111696560372475,0.77,1.0,0.04592282545973197,1
urban-100,urban,4,0.5145448180411528,0.20588334989146792,0.59,0.888888888888889,0.19068920974747514,2
urban-100,urban,8,0.4918683219020556,0.2965893344478568,0.59,0.8273809523809524,0.281395194303864,3
urban-100,urban,16,0.4918683219020556,0.2965893344478568,0.59,0.7763888888888892,0.281395194303864,4
maritime-101,maritime,1,0.5358931427085027,0.08842742916598921,0.665,0.0,0.0,1
maritime-101,maritime,2,0.5089350123495754,0.19625995060169854,0.665,1.0,0.10783252143570933,1
maritime-101,maritime,4,0.5062479180444687,0.20700832782212533,0.62,0.6805555555555557,0.11858089865613612,2
maritime-101,maritime,8,0.4982241909488743,0.23910323620450263,0.76,0.7107142857142857,0.1838320003287931,1
maritime-101,maritime,16,0.4728117962654958,0.34075281493801685,0.76,0.6920833333333327,0.3122394037503015,2
multi-domain-102,mixed,1,0.535682567407545,0.08842742916598921,0.665,0.0,0.0,1
multi-domain-102,mixed,2,0.5087244370486177,0.19625995060169854,0.665,1.0,0.10783252143570933,1
multi-domain-102,mixed,4,0.5060373427435111,0.20700832782212533,0.62,0.6805555555555557,0.11858089865613612,2
multi-domain-102,mixed,8,0.4980136156479167,0.23910323620450263,0.76,0.7107142857142857,0.1838320003287931,1
multi-domain-102,mixed,16,0.47260122096453816,0.34075281493801685,0.76,0.6920833333333327,0.3122394037503015,2
air-defense-103,air_defense,1,0.5308651069359321,0.09853957225627163,0.71,0.0,0.0,1
air-defense-103,air_defense,2,0.5075575577180876,0.1917697691276496,0.85,1.0,0.09323019687137796,1
air-defense-103,air_defense,4,0.4821487133596686,0.29340514656132577,0.62,0.6111111111111112,0.19486557430505413,3
air-defense-103,air_defense,8,0.4821487133596686,0.29340514656132577,0.62,0.6291666666666667,0.19486557430505413,2
air-defense-103,air_defense,16,0.46910323198670645,0.34558707205317435,0.85,0.6456944444444441,0.3027489719994544,1
humanitarian-evacuation-104,urban_humanitarian,1,0.4779394334192493,0.28724226632300265,0.86,0.0,0.0,1
humanitarian-evacuation-104,urban_humanitarian,2,0.4779394334192493,0.28724226632300265,0.86,0.5,0.08023393850087732,1
humanitarian-evacuation-104,urban_humanitarian,4,0.47560266638803583,0.2965893344478568,0.815,0.6083333333333334,0.11841247398946614,2
humanitarian-evacuation-104,urban_humanitarian,8,0.47560266638803583,0.2965893344478568,0.815,0.6202380952380954,0.24467597641963326,3
humanitarian-evacuation-104,urban_humanitarian,16,0.47560266638803583,0.2965893344478568,0.815,0.5723611111111111,0.3040101518761822,4
urban-103,urban,1,0.5303264017389105,0.15557895460687152,0.91,0.0,0.0,1
urban-103,urban,2,0.5303264017389105,0.15557895460687152,0.91,0.6666666666666667,0.07123571454736538,1
urban-103,urban,4,0.49338848325072465,0.30333062855961496,0.725,0.638888888888889,0.21898738850010882,2
urban-103,urban,8,0.49338848325072465,0.30333062855961496,0.725,0.6726190476190477,0.21898738850010882,2
urban-103,urban,16,0.49241151493255897,0.30723850183227763,0.59,0.7361111111111113,0.24427287708715859,3
maritime-104,maritime,1,0.546264463987378,0.04694214405048766,0.805,0.0,0.0,1
maritime-104,maritime,2,0.4923906812308247,0.2624372750767012,0.625,0.5,0.21549513102621357,2
maritime-104,maritime,4,0.4923906812308247,0.2624372750767012,0.625,0.725,0.21549513102621357,2
maritime-104,maritime,8,0.4923906812308247,0.2624372750767012,0.625,0.7339285714285715,0.21549513102621357,2
maritime-104,maritime,16,0.4897212052388896,0.2731151790444414,0.575,0.6919444444444439,0.22617303499395372,3
multi-domain-105,mixed,1,0.5705708626831852,0.04694214405048766,0.805,0.0,0.0,1
multi-domain-105,mixed,2,0.5166970799266318,0.2624372750767012,0.625,0.5,0.21549513102621357,2
multi-domain-105,mixed,4,0.5166970799266318,0.2624372750767012,0.625,0.725,0.21549513102621357,2
multi-domain-105,mixed,8,0.5166970799266318,0.2624372750767012,0.625,0.7339285714285715,0.21549513102621357,2
multi-domain-105,mixed,16,0.5140276039346968,0.2731151790444414,0.575,0.6919444444444439,0.22617303499395372,3
air-defense-106,air_defense,1,0.5315438389651093,0.09582464413956318,0.805,0.0,0.0,1
air-defense-106,air_defense,2,0.5315438389651093,0.09582464413956318,0.805,0.5,0.03173367972181862,2
air-defense-106,air_defense,4,0.5123581634253549,0.17256734629858034,0.625,0.6499999999999999,0.10847638188083578,3
air-defense-106,air_defense,8,0.4855634144356031,0.27974634225758777,0.665,0.661309523809524,0.21680978252819927,3
air-defense-106,air_defense,16,0.4712340889114792,0.33706364435408304,0.62,0.6390277777777772,0.31862233563323367,5
humanitarian-evacuation-107,urban_humanitarian,1,0.5286641899851234,0.08434324005950614,0.9550000000000001,0.0,0.0,1
humanitarian-evacuation-107,urban_humanitarian,2,0.5283192416290319,0.08572303348387245,0.815,0.4,0.0013797934243663101,2
humanitarian-evacuation-107,urban_humanitarian,4,0.4743005071834755,0.301797971266098,1.0,0.5111111111111112,0.21745473120659184,1
humanitarian-evacuation-107,urban_humanitarian,8,0.4743005071834755,0.301797971266098,1.0,0.5696428571428571,0.22606536229122892,1
humanitarian-evacuation-107,urban_humanitarian,16,0.4743005071834755,0.301797971266098,1.0,0.5165277777777778,0.31385931485907226,1
urban-106,urban,1,0.45318073820573,0.27479391774916156,0.59,0.0,0.0,1
urban-106,urban,2,0.45318073820573,0.27479391774916156,0.59,0.0,0.17960065463034658,2
urban-106,urban,4,0.45318073820573,0.27479391774916156,0.59,0.7777777777777778,0.19346091756808725,2
urban-106,urban,8,0.45318073820573,0.27479391774916156,0.59,0.8035714285714285,0.2355621400266791,3
urban-106,urban,16,0.45318073820573,0.27479391774916156,0.59,0.7833333333333335,0.25109612132600906,3
maritime-107,maritime,1,0.4952828766725861,0.25086849330965566,0.625,0.0,0.0,1
maritime-107,maritime,2,0.4952828766725861,0.25086849330965566,0.625,0.33333333333333337,0.05040931853121161,2
maritime-107,maritime,4,0.4952828766725861,0.25086849330965566,0.625,0.7722222222222223,0.16556326708576735,2
maritime-107,maritime,8,0.48070857359244695,0.3091657056302121,0.625,0.6744047619047618,0.24040693697495852,2
maritime-107,maritime,16,0.48070857359244695,0.3091657056302121,0.625,0.6851388888888885,0.2917466286821999,3
multi-domain-108,mixed,1,0.4763411795758823,0.25086849330965566,0.625,0.0,0.0,1
multi-domain-108,mixed,2,0.4763411795758823,0.25086849330965566,0.625,0.33333333333333337,0.05040931853121161,2
multi-domain-108,mixed,4,0.4763411795758823,0.25086849330965566,0.625,0.7722222222222223,0.16556326708576735,2
multi-domain-108,mixed,8,0.4617668764957432,0.3091657056302121,0.625,0.6744047619047618,0.24040693697495852,2
multi-domain-108,mixed,16,0.4617668764957432,0.3091657056302121,0.625,0.6851388888888885,0.2917466286821999,3
air-defense-109,air_defense,1,0.531471596935656,0.09611361225737608,0.805,0.0,0.0,1
air-defense-109,air_defense,2,0.49148785526514815,0.2560485789394074,0.85,0.6,0.15993496668203133,1
air-defense-109,air_defense,4,0.49148785526514815,0.2560485789394074,0.85,0.5388888888888889,0.22130680085079366,1
air-defense-109,air_defense,8,0.49148785526514815,0.2560485789394074,0.85,0.6297619047619047,0.22523568799686566,1
air-defense-109,air_defense,16,0.49148785526514815,0.2560485789394074,0.85,0.6238888888888887,0.22523568799686566,1
humanitarian-evacuation-110,urban_humanitarian,1,0.5382796830566138,0.04588126777354477,0.8200000000000001,0.0,0.0,1
humanitarian-evacuation-110,urban_humanitarian,2,0.48846337456137134,0.24514650175451466,0.9550000000000001,0.8333333333333334,0.1992652339809699,1
humanitarian-evacuation-110,urban_humanitarian,4,0.48846337456137134,0.24514650175451466,0.9550000000000001,0.6222222222222222,0.1992652339809699,1
humanitarian-evacuation-110,urban_humanitarian,8,0.48846337456137134,0.24514650175451466,0.9550000000000001,0.48214285714285715,0.21397853764576064,2
humanitarian-evacuation-110,urban_humanitarian,16,0.47693618640448776,0.2912552543820489,0.86,0.49972222222222235,0.2600872902732949,3
urban-109,urban,1,0.5533363439186157,0.07185497860482765,0.77,0.0,0.0,1
urban-109,urban,2,0.5075559071999677,0.25497672547941974,0.73,1.0,0.1831217468745921,2
urban-109,urban,4,0.5075559071999677,0.25497672547941974,0.73,0.7777777777777778,0.1831217468745921,2
urban-109,urban,8,0.5065824492874084,0.2588705571296571,0.59,0.761904761904762,0.2069159991463836,4
urban-109,urban,16,0.5035316950221727,0.2710735741906001,0.59,0.7625000000000003,0.297911521957867,4
maritime-110,maritime,1,0.5083688296779727,0.19852468128810902,0.62,0.0,0.0,1
maritime-110,maritime,2,0.5083688296779727,0.19852468128810902,0.62,0.33333333333333337,0.09889025962855875,2
maritime-110,maritime,4,0.5083688296779727,0.19852468128810902,0.62,0.6805555555555557,0.16505498895733273,2
maritime-110,maritime,8,0.49114632058068636,0.2674147176772545,0.62,0.6946428571428572,0.2339450253464782,2
maritime-110,maritime,16,0.49011286967427137,0.2715485213029145,0.62,0.72375,0.25747876294314215,3
multi-domain-111,mixed,1,0.5299678446301221,0.19852468128810902,0.62,0.0,0.0,1
multi-domain-111,mixed,2,0.5299678446301221,0.19852468128810902,0.62,0.33333333333333337,0.09889025962855875,2
multi-domain-111,mixed,4,0.5299678446301221,0.19852468128810902,0.62,0.6805555555555557,0.16505498895733273,2
multi-domain-111,mixed,8,0.5127453355328357,0.2674147176772545,0.62,0.6946428571428572,0.2339450253464782,2
multi-domain-111,mixed,16,0.5117118846264208,0.2715485213029145,0.62,0.72375,0.25747876294314215,3
air-defense-112,air_defense,1,0.49880587569954893,0.22677649720180432,0.62,0.0,0.0,1
air-defense-112,air_defense,2,0.4915436803279639,0.25582527868814436,0.805,0.8,0.029048781486340047,1
air-defense-112,air_defense,4,0.4826627596405439,0.2913489614378245,0.665,0.7000000000000001,0.2578792691070482,2
air-defense-112,air_defense,8,0.4826627596405439,0.2913489614378245,0.665,0.6357142857142859,0.2854645940141935,3
air-defense-112,air_defense,16,0.47719319685333583,0.3132272125866566,0.805,0.5981944444444441,0.30734284516302557,2
humanitarian-evacuation-113,urban_humanitarian,1,0.4945481382168642,0.22080744713254308,0.815,0.0,0.0,1
humanitarian-evacuation-113,urban_humanitarian,2,0.4945481382168642,0.22080744713254308,0.815,0.8,0.07696813813678294,2
humanitarian-evacuation-113,urban_humanitarian,4,0.4770642996227126,0.29074280150914966,0.775,0.6,0.14690349251338952,3
humanitarian-evacuation-113,urban_humanitarian,8,0.47094331551126756,0.31522673795492984,1.0,0.5547619047619047,0.2486007717705874,1
humanitarian-evacuation-113,urban_humanitarian,16,0.47094331551126756,0.31522673795492984,1.0,0.5797222222222221,0.2709252459194197,1
urban-112,urban,1,0.5313819611734856,0.10037587643652138,0.73,0.0,0.0,1
urban-112,urban,2,0.5313819611734856,0.10037587643652138,0.73,0.6666666666666667,0.040374687470952755,1
urban-112,urban,4,0.48459065301822163,0.28754110905757707,0.725,0.8055555555555557,0.22753992009200846,2
urban-112,urban,8,0.48459065301822163,0.28754110905757707,0.725,0.7142857142857143,0.22753992009200846,2
urban-112,urban,16,0.48459065301822163,0.28754110905757707,0.725,0.7680555555555557,0.2405530322376761,3
maritime-113,maritime,1,0.5143075815701041,0.1747696737195833,0.805,0.0,0.0,1
maritime-113,maritime,2,0.5143075815701041,0.1747696737195833,0.805,1.0,0.21092760384914946,1
maritime-113,maritime,4,0.48611472273560574,0.28754110905757707,0.575,0.763888888888889,0.3236990391871432,2
maritime-113,maritime,8,0.48611472273560574,0.28754110905757707,0.575,0.779761904761905,0.3236990391871432,3
maritime-113,maritime,16,0.4820728600402137,0.30370855983914513,0.625,0.7406944444444442,0.33986648996871127,2
multi-domain-114,mixed,1,0.5179446024005651,0.1747696737195833,0.805,0.0,0.0,1
multi-domain-114,mixed,2,0.5179446024005651,0.1747696737195833,0.805,1.0,0.21092760384914946,1
multi-domain-114,mixed,4,0.48975174356606666,0.28754110905757707,0.575,0.763888888888889,0.3236990391871432,2
multi-domain-114,mixed,8,0.48975174356606666,0.28754110905757707,0.575,0.779761904761905,0.3236990391871432,3
multi-domain-114,mixed,16,0.4857098808706746,0.30370855983914513,0.625,0.7406944444444442,0.33986648996871127,2
air-defense-115,air_defense,1,0.5235387578070916,0.1278449687716336,0.85,0.0,0.0,1
air-defense-115,air_defense,2,0.5235387578070916,0.1278449687716336,0.85,0.75,0.07610412677630204,1
air-defense-115,air_defense,4,0.5193371445647779,0.14465142174088838,0.665,0.7055555555555556,0.12468367417985092,2
air-defense-115,air_defense,8,0.48462542775374357,0.28349828898502577,0.665,0.6952380952380953,0.2635305414239883,4
air-defense-115,air_defense,16,0.48266184543772106,0.29135261824911574,0.85,0.6827777777777776,0.27138487068807826,1
humanitarian-evacuation-116,urban_humanitarian,1,0.4831525193236111,0.2663899227055556,1.0,0.0,0.0,1
humanitarian-evacuation-116,urban_humanitarian,2,0.4831525193236111,0.2663899227055556,1.0,0.6,0.22278202120288193,1
humanitarian-evacuation-116,urban_humanitarian,4,0.4831525193236111,0.2663899227055556,1.0,0.688888888888889,0.22278202120288193,1
humanitarian-evacuation-116,urban_humanitarian,8,0.4619498737478279,0.35120050500868827,0.9550000000000001,0.6285714285714287,0.3075926035060146,2
humanitarian-evacuation-116,urban_humanitarian,16,0.4619498737478279,0.35120050500868827,0.9550000000000001,0.5824999999999999,0.34568833332408416,2
urban-115,urban,1,0.530449825960215,0.06305956497949551,0.73,0.0,0.0,1
urban-115,urban,2,0.48557862164827237,0.242544382227266,0.77,0.6666666666666667,0.1794848172477705,1
urban-115,urban,4,0.48557862164827237,0.242544382227266,0.77,0.7777777777777778,0.1794848172477705,2
urban-115,urban,8,0.471882985111992,0.2973269283723873,0.725,0.8035714285714287,0.30033986200547313,3
urban-115,urban,16,0.471882985111992,0.2973269283723873,0.725,0.7916666666666672,0.30033986200547313,3
maritime-116,maritime,1,0.497581617163998,0.24167353134400796,0.5800000000000001,0.0,0.0,1
maritime-116,maritime,2,0.497581617163998,0.24167353134400796,0.5800000000000001,0.6666666666666667,0.1853856759248116,2
maritime-116,maritime,4,0.497581617163998,0.24167353134400796,0.5800000000000001,0.75,0.20719010700884455,3
maritime-116,maritime,8,0.497581617163998,0.24167353134400796,0.5800000000000001,0.7339285714285715,0.22008313783906552,3
maritime-116,maritime,16,0.47368594653075397,0.3372562138769842,0.62,0.7130555555555552,0.31566582037204177,4
multi-domain-117,mixed,1,0.5052566125874142,0.24167353134400796,0.5800000000000001,0.0,0.0,1
multi-domain-117,mixed,2,0.5052566125874142,0.24167353134400796,0.5800000000000001,0.6666666666666667,0.1853856759248116,2
multi-domain-117,mixed,4,0.5052566125874142,0.24167353134400796,0.5800000000000001,0.75,0.20719010700884455,3
multi-domain-117,mixed,8,0.5052566125874142,0.24167353134400796,0.5800000000000001,0.7339285714285715,0.22008313783906552,3
multi-domain-117,mixed,16,0.4813609419541702,0.3372562138769842,0.62,0.7130555555555552,0.31566582037204177,4
air-defense-118,air_defense,1,0.5006336010913037,0.21946559563478535,0.625,0.0,0.0,1
air-defense-118,air_defense,2,0.5006336010913037,0.21946559563478535,0.625,0.6666666666666667,0.13402537028420983,2
air-defense-118,air_defense,4,0.4915366062918705,0.25585357483251797,0.805,0.7611111111111111,0.25886650846560383,2
air-defense-118,air_defense,8,0.4915366062918705,0.25585357483251797,0.805,0.6684523809523809,0.26897422272668914,2
air-defense-118,air_defense,16,0.4915366062918705,0.25585357483251797,0.805,0.648333333333333,0.26897422272668914,2
humanitarian-evacuation-119,urban_humanitarian,1,0.4891139044431835,0.242544382227266,1.0,0.0,0.0,1
humanitarian-evacuation-119,urban_humanitarian,2,0.4891139044431835,0.242544382227266,1.0,0.6666666666666667,0.12693609347361173,1
humanitarian-evacuation-119,urban_humanitarian,4,0.47541826790690317,0.2973269283723873,0.73,0.6666666666666666,0.18171863961873302,2
humanitarian-evacuation-119,urban_humanitarian,8,0.47541826790690317,0.2973269283723873,0.73,0.6351190476190478,0.1872953985315487,2
humanitarian-evacuation-119,urban_humanitarian,16,0.4604032261976065,0.357387095209574,1.0,0.6140277777777778,0.314643041261564,1
urban-118,urban,1,0.5106069619629776,0.11636788405893685,0.59,0.0,0.0,1
urban-118,urban,2,0.4722986867994448,0.2696009847130678,0.59,0.5,0.15323310065413098,1
urban-118,urban,4,0.46154660686274473,0.31260930445986823,0.59,0.8611111111111112,0.2913530001177786,1
urban-118,urban,8,0.46154660686274473,0.31260930445986823,0.59,0.7678571428571429,0.2913530001177786,3
urban-118,urban,16,0.46154660686274473,0.31260930445986823,0.59,0.7750000000000005,0.33492042916964293,3
maritime-119,maritime,1,0.493541374992182,0.257834500031272,0.485,0.0,0.0,1
maritime-119,maritime,2,0.493541374992182,0.257834500031272,0.485,0.8,0.07515025217423024,2
maritime-119,maritime,4,0.493541374992182,0.257834500031272,0.485,0.7722222222222221,0.14042800784727982,3
maritime-119,maritime,8,0.493541374992182,0.257834500031272,0.485,0.6529761904761904,0.18563610045217732,3
maritime-119,maritime,16,0.4877799020959885,0.28088039161604594,0.76,0.7037500000000001,0.27120804261456744,2
multi-domain-120,mixed,1,0.5017243667257122,0.257834500031272,0.485,0.0,0.0,1
multi-domain-120,mixed,2,0.5017243667257122,0.257834500031272,0.485,0.8,0.07515025217423024,2
multi-domain-120,mixed,4,0.5017243667257122,0.257834500031272,0.485,0.7722222222222221,0.14042800784727982,3
multi-domain-120,mixed,8,0.5017243667257122,0.257834500031272,0.485,0.6529761904761904,0.18563610045217732,3
multi-domain-120,mixed,16,0.4959628938295187,0.28088039161604594,0.76,0.7037500000000001,0.27120804261456744,2
air-defense-121,air_defense,1,0.5034353692497344,0.2082585230010625,0.67,0.0,0.0,1
air-defense-121,air_defense,2,0.5034353692497344,0.2082585230010625,0.67,0.5,0.09972054058789658,2
air-defense-121,air_defense,4,0.4718563518973671,0.3345745924105316,0.665,0.5916666666666667,0.2623761928314369,3
air-defense-121,air_defense,8,0.4718563518973671,0.3345745924105316,0.665,0.5845238095238096,0.30234912619564136,3
air-defense-121,air_defense,16,0.4718563518973671,0.3345745924105316,0.665,0.6009722222222221,0.330244977302749,3
humanitarian-evacuation-122,urban_humanitarian,1,0.48234975382173306,0.2696009847130678,0.635,0.0,0.0,1
humanitarian-evacuation-122,urban_humanitarian,2,0.48234975382173306,0.2696009847130678,0.635,0.6,0.18776897543458942,2
humanitarian-evacuation-122,urban_humanitarian,4,0.47307002615821253,0.30671989536714994,1.0,0.5888888888888889,0.22488788608867155,1
humanitarian-evacuation-122,urban_humanitarian,8,0.47307002615821253,0.30671989536714994,1.0,0.6238095238095239,0.32903102007692464,1
humanitarian-evacuation-122,urban_humanitarian,16,0.461214371795006,0.354142512819976,0.9550000000000001,0.6009722222222221,0.3764536375297507,2
urban-121,urban,1,0.5036142616566364,0.16204971535134371,0.59,0.0,0.0,1
urban-121,urban,2,0.5036142616566364,0.16204971535134371,0.59,0.5,0.07185542984020626,1
urban-121,urban,4,0.46724067462377156,0.30754406348280283,0.77,0.8055555555555557,0.21734977797166538,1
urban-121,urban,8,0.46724067462377156,0.30754406348280283,0.77,0.767857142857143,0.3022897371800536,1
urban-121,urban,16,0.46724067462377156,0.30754406348280283,0.77,0.7847222222222225,0.3022897371800536,1
maritime-122,maritime,1,0.4978886173028883,0.24044553078844672,0.44,0.0,0.0,1
maritime-122,maritime,2,0.46727870958271267,0.3628851616691492,0.805,0.5,0.12243963088070248,1
maritime-122,maritime,4,0.46727870958271267,0.3628851616691492,0.805,0.763888888888889,0.30449458221371783,1
maritime-122,maritime,8,0.46727870958271267,0.3628851616691492,0.805,0.7315476190476192,0.30449458221371783,1
maritime-122,maritime,16,0.46727870958271267,0.3628851616691492,0.805,0.7024999999999992,0.4100351895736567,1
multi-domain-123,mixed,1,0.4986499392756598,0.24044553078844672,0.44,0.0,0.0,1
multi-domain-123,mixed,2,0.4680400315554842,0.3628851616691492,0.805,0.5,0.12243963088070248,1
multi-domain-123,mixed,4,0.4680400315554842,0.3628851616691492,0.805,0.763888888888889,0.30449458221371783,1
multi-domain-123,mixed,8,0.4680400315554842,0.3628851616691492,0.805,0.7315476190476192,0.30449458221371783,1
multi-domain-123,mixed,16,0.4680400315554842,0.3628851616691492,0.805,0.7024999999999992,0.4100351895736567,1
air-defense-124,air_defense,1,0.559667088973934,-0.016668355895736127,0.665,0.0,0.0,1
air-defense-124,air_defense,2,0.4809627769313459,0.29814889227461644,0.665,0.6,0.31481724817035256,1
air-defense-124,air_defense,4,0.4809627769313459,0.29814889227461644,0.665,0.4166666666666667,0.31481724817035256,2
air-defense-124,air_defense,8,0.4809627769313459,0.29814889227461644,0.665,0.5928571428571429,0.31481724817035256,3
air-defense-124,air_defense,16,0.4801735085180646,0.30130596592774145,0.625,0.6379166666666666,0.3463042256025275,4
humanitarian-evacuation-125,urban_humanitarian,1,0.47954356896410844,0.2808257241435664,1.0,0.0,0.0,1
humanitarian-evacuation-125,urban_humanitarian,2,0.47954356896410844,0.2808257241435664,1.0,0.6666666666666667,0.09318636067657515,1
humanitarian-evacuation-125,urban_humanitarian,4,0.47954356896410844,0.2808257241435664,1.0,0.6722222222222222,0.20478343940935162,1
humanitarian-evacuation-125,urban_humanitarian,8,0.47954356896410844,0.2808257241435664,1.0,0.5279761904761905,0.20478343940935162,1
humanitarian-evacuation-125,urban_humanitarian,16,0.4696688752725976,0.3203244989096097,0.815,0.5295833333333333,0.27355266261068134,2
urban-124,urban,1,0.5283949094495373,0.02413269853470809,0.545,0.0,0.0,1
urban-124,urban,2,0.4672434194700898,0.26873865845249795,0.73,1.0,0.24460595991778986,1
urban-124,urban,4,0.4672434194700898,0.26873865845249795,0.73,0.9444444444444445,0.24460595991778986,2
urban-124,urban,8,0.45985871074047174,0.29827749337097026,0.725,0.8511904761904764,0.2741447948362622,4
urban-124,urban,16,0.449853638556135,0.3382977821083172,0.73,0.8013888888888893,0.3363812093917085,3
maritime-125,maritime,1,0.5148412709490842,0.17263491620366328,0.44,0.0,0.0,1
maritime-125,maritime,2,0.49207321075331123,0.263707156986755,0.805,0.6666666666666667,0.09107224078309173,1
maritime-125,maritime,4,0.49207321075331123,0.263707156986755,0.805,0.6944444444444445,0.12247117531824137,1
maritime-125,maritime,8,0.491314908971798,0.2667403641128079,0.805,0.7494047619047619,0.20943932450514752,1
maritime-125,maritime,16,0.4891888407050811,0.27524463717967557,0.805,0.7055555555555553,0.2432828340645695,1
multi-domain-126,mixed,1,0.528175860242456,0.17263491620366328,0.44,0.0,0.0,1
multi-domain-126,mixed,2,0.5054078000466831,0.263707156986755,0.805,0.6666666666666667,0.09107224078309173,1
multi-domain-126,mixed,4,0.5054078000466831,0.263707156986755,0.805,0.6944444444444445,0.12247117531824137,1
multi-domain-126,mixed,8,0.5046494982651698,0.2667403641128079,0.805,0.7494047619047619,0.20943932450514752,1
multi-domain-126,mixed,16,0.5025234299984529,0.27524463717967557,0.805,0.7055555555555553,0.2432828340645695,1
air-defense-127,air_defense,1,0.4858103608770966,0.2787585564916135,0.805,0.0,0.0,1
air-defense-127,air_defense,2,0.4858103608770966,0.2787585564916135,0.805,0.8,0.17195494067946404,1
air-defense-127,air_defense,4,0.4858103608770966,0.2787585564916135,0.805,0.6,0.18810605377878759,1
air-defense-127,air_defense,8,0.4858103608770966,0.2787585564916135,0.805,0.6130952380952381,0.21738150629385333,2
air-defense-127,air_defense,16,0.4709255544729207,0.3382977821083172,0.85,0.6413888888888888,0.276920731910557,1
humanitarian-evacuation-128,urban_humanitarian,1,0.4819442375060252,0.2712230499758992,1.0,0.0,0.0,1
humanitarian-evacuation-128,urban_humanitarian,2,0.4819442375060252,0.2712230499758992,1.0,0.6,0.12104061831438345,1
humanitarian-evacuation-128,urban_humanitarian,4,0.4819442375060252,0.2712230499758992,1.0,0.5305555555555556,0.25548167437658753,1
humanitarian-evacuation-128,urban_humanitarian,8,0.47876460800591913,0.28394156797632353,1.0,0.5035714285714287,0.26820019237701187,1
humanitarian-evacuation-128,urban_humanitarian,16,0.47480210206819196,0.2997915917272323,0.9550000000000001,0.5020833333333331,0.3197075678551192,2
urban-127,urban,1,0.5652842801303103,0.051354902059935065,0.77,0.0,0.0,1
urban-127,urban,2,0.5066838989036466,0.28575642696658987,0.77,1.0,0.2344015249066548,1
urban-127,urban,4,0.5066838989036466,0.28575642696658987,0.77,0.8611111111111112,0.2636279332465829,2
urban-127,urban,8,0.5004257741072968,0.31078892615198905,0.725,0.8392857142857142,0.2886604324319821,3
urban-127,urban,16,0.5004257741072968,0.31078892615198905,0.725,0.793055555555556,0.2886604324319821,3
maritime-128,maritime,1,0.5398563280889085,0.072574687644366,0.805,0.0,0.0,1
maritime-128,maritime,2,0.49261055056692205,0.26155779773231175,0.805,0.75,0.18898311008794574,1
maritime-128,maritime,4,0.49261055056692205,0.26155779773231175,0.805,0.6944444444444445,0.18898311008794574,1
maritime-128,maritime,8,0.49261055056692205,0.26155779773231175,0.805,0.6458333333333334,0.20097221226973727,1
maritime-128,maritime,16,0.47515196787784475,0.331392128488621,0.665,0.6559722222222221,0.2708065430260465,2
multi-domain-129,mixed,1,0.5536491153263426,0.072574687644366,0.805,0.0,0.0,1
multi-domain-129,mixed,2,0.5064033378043562,0.26155779773231175,0.805,0.75,0.18898311008794574,1
multi-domain-129,mixed,4,0.5064033378043562,0.26155779773231175,0.805,0.6944444444444445,0.18898311008794574,1
multi-domain-129,mixed,8,0.5064033378043562,0.26155779773231175,0.805,0.6458333333333334,0.20097221226973727,1
multi-domain-129,mixed,16,0.48894475511527885,0.331392128488621,0.665,0.6559722222222221,0.2708065430260465,2
air-defense-130,air_defense,1,0.5683943650344645,-0.0515774601378579,0.85,0.0,0.0,1
air-defense-130,air_defense,2,0.5102277403786224,0.1810890384855106,0.805,0.8333333333333334,0.23266649862336852,2
air-defense-130,air_defense,4,0.5056698548173153,0.19932058073073872,0.62,0.6833333333333335,0.25089804086859663,3
air-defense-130,air_defense,8,0.49996457343467227,0.222141706261311,0.76,0.6297619047619049,0.2737191663991689,3
air-defense-130,air_defense,16,0.4781209234468486,0.30951630621260573,0.805,0.6030555555555553,0.36109376635046364,2
humanitarian-evacuation-131,urban_humanitarian,1,0.4783108932583525,0.28575642696658987,1.0,0.0,0.0,1
humanitarian-evacuation-131,urban_humanitarian,2,0.4783108932583525,0.28575642696658987,1.0,0.8333333333333334,0.20780797650971303,1
humanitarian-evacuation-131,urban_humanitarian,4,0.4720527684620027,0.31078892615198905,0.815,0.611111111111111,0.2328404756951122,2
humanitarian-evacuation-131,urban_humanitarian,8,0.4720527684620027,0.31078892615198905,0.815,0.5904761904761904,0.2328404756951122,2
humanitarian-evacuation-131,urban_humanitarian,16,0.4708523001422414,0.31559079943103446,1.0,0.5719444444444445,0.2679182096900053,1
urban-130,urban,1,0.5205274318794234,0.17189256180344747,0.865,0.0,0.0,1
urban-130,urban,2,0.5205274318794234,0.17189256180344747,0.865,1.0,0.06632642800811217,1
urban-130,urban,4,0.5097971307720006,0.21481376623313833,0.545,0.888888888888889,0.12764971434790273,3
urban-130,urban,8,0.4801113639700115,0.333556833441095,0.59,0.7738095238095238,0.2667314178973177,4
urban-130,urban,16,0.4801113639700115,0.333556833441095,0.59,0.780555555555556,0.3026657300735703,3
maritime-131,maritime,1,0.5182134949055691,0.15914602037772363,0.805,0.0,0.0,1
maritime-131,maritime,2,0.5042965584417154,0.21481376623313833,0.665,0.5,0.0556677458554147,2
maritime-131,maritime,4,0.5042965584417154,0.21481376623313833,0.665,0.6666666666666666,0.14708944929640222,2
maritime-131,maritime,8,0.4877747707671185,0.28090091693152597,0.805,0.6410714285714286,0.21317659999478983,1
maritime-131,maritime,16,0.481883043256439,0.3044678269742439,0.805,0.6806944444444442,0.2572966336339798,1
multi-domain-132,mixed,1,0.5189072980425744,0.15914602037772363,0.805,0.0,0.0,1
multi-domain-132,mixed,2,0.5049903615787208,0.21481376623313833,0.665,0.5,0.0556677458554147,2
multi-domain-132,mixed,4,0.5049903615787208,0.21481376623313833,0.665,0.6666666666666666,0.14708944929640222,2
multi-domain-132,mixed,8,0.48846857390412385,0.28090091693152597,0.805,0.6410714285714286,0.21317659999478983,1
multi-domain-132,mixed,16,0.48257684639344434,0.3044678269742439,0.805,0.6806944444444442,0.2572966336339798,1
air-defense-133,air_defense,1,0.5004760398090461,0.22009584076381553,0.805,0.0,0.0,1
air-defense-133,air_defense,2,0.5004760398090461,0.22009584076381553,0.805,0.8,0.16072628823080165,1
air-defense-133,air_defense,4,0.5004760398090461,0.22009584076381553,0.805,0.5722222222222223,0.16072628823080165,2
air-defense-133,air_defense,8,0.4961835730737518,0.23726570770499272,0.665,0.5517857142857142,0.17789615517197888,3
air-defense-133,air_defense,16,0.47282402195789514,0.3307039121684195,0.665,0.5840277777777777,0.27133435963540564,3
humanitarian-evacuation-134,urban_humanitarian,1,0.5526340370360441,-0.011536148144176243,0.9550000000000001,0.0,0.0,1
humanitarian-evacuation-134,urban_humanitarian,2,0.4967317017623249,0.2120731929507004,0.815,0.25,0.22360934109487665,2
humanitarian-evacuation-134,urban_humanitarian,4,0.4967317017623249,0.2120731929507004,0.815,0.5416666666666669,0.22360934109487665,3
humanitarian-evacuation-134,urban_humanitarian,8,0.46707402195789516,0.3307039121684195,0.9550000000000001,0.5625000000000001,0.34224006031259574,2
humanitarian-evacuation-134,urban_humanitarian,16,0.46707402195789516,0.3307039121684195,0.9550000000000001,0.5363888888888886,0.3564368354516628,2
urban-133,urban,1,0.5018385930243339,0.26675622355787765,0.77,0.0,0.0,1
urban-133,urban,2,0.5018385930243339,0.26675622355787765,0.77,1.0,0.15666537737242978,1
urban-133,urban,4,0.5018385930243339,0.26675622355787765,0.77,0.9444444444444445,0.23739006661747064,1
urban-133,urban,8,0.5018385930243339,0.26675622355787765,0.77,0.8154761904761906,0.23739006661747064,2
urban-133,urban,16,0.48443949397167435,0.3363526197685159,0.59,0.7611111111111114,0.3069864628281089,3
maritime-134,maritime,1,0.5319471531949329,0.10421138722026842,0.805,0.0,0.0,1
maritime-134,maritime,2,0.49903710248022376,0.235851590079105,0.76,0.75,0.1316402028588366,2
maritime-134,maritime,4,0.49903710248022376,0.235851590079105,0.76,0.7666666666666666,0.23894541866984537,2
maritime-134,maritime,8,0.4926651897469145,0.26133924101234207,0.805,0.6982142857142858,0.26443306960308244,1
maritime-134,maritime,16,0.49034257349650084,0.27062970601399666,0.625,0.6833333333333331,0.27860226495838186,2
multi-domain-135,mixed,1,0.5461062913026486,0.10421138722026842,0.805,0.0,0.0,1
multi-domain-135,mixed,2,0.5131962405879396,0.235851590079105,0.76,0.75,0.1316402028588366,2
multi-domain-135,mixed,4,0.5131962405879396,0.235851590079105,0.76,0.7666666666666666,0.23894541866984537,2
multi-domain-135,mixed,8,0.5068243278546303,0.26133924101234207,0.805,0.6982142857142858,0.26443306960308244,1
multi-domain-135,mixed,16,0.5045017116042166,0.27062970601399666,0.625,0.6833333333333331,0.27860226495838186,2
air-defense-136,air_defense,1,0.5363402813142771,0.07663887474289169,0.85,0.0,0.0,1
air-defense-136,air_defense,2,0.5068071153936802,0.1947715384252795,0.665,0.75,0.11813266368238781,2
air-defense-136,air_defense,4,0.5068071153936802,0.1947715384252795,0.665,0.725,0.11813266368238781,3
air-defense-136,air_defense,8,0.4714291277485685,0.3362834890057261,0.805,0.6916666666666668,0.25964461426283436,2
air-defense-136,air_defense,16,0.4714291277485685,0.3362834890057261,0.805,0.6808333333333328,0.28785495711109604,2
humanitarian-evacuation-137,urban_humanitarian,1,0.4870464420650842,0.2508142317396632,1.0,0.0,0.0,1
humanitarian-evacuation-137,urban_humanitarian,2,0.4870464420650842,0.2508142317396632,1.0,0.6666666666666667,0.15731328560488306,1
humanitarian-evacuation-137,urban_humanitarian,4,0.4844151897469145,0.26133924101234207,1.0,0.588888888888889,0.22456070646719162,1
humanitarian-evacuation-137,urban_humanitarian,8,0.4820925734965008,0.27062970601399666,1.0,0.5577380952380953,0.2338511714688462,1
humanitarian-evacuation-137,urban_humanitarian,16,0.46230344600564943,0.3497862159774024,0.815,0.5640277777777779,0.31300768143225194,2
urban-136,urban,1,0.5431113683427418,0.03426352408807848,0.77,0.0,0.0,1
urban-136,urban,2,0.49653765615099943,0.2205583728550477,0.685,1.0,0.18629484876696922,2
urban-136,urban,4,0.49653765615099943,0.2205583728550477,0.685,0.7777777777777778,0.18629484876696922,3
urban-136,urban,8,0.4761644864637821,0.3020510516039168,0.77,0.7857142857142857,0.32132946603080476,2
urban-136,urban,16,0.4617395515106943,0.35975079141626815,0.59,0.7444444444444449,0.3790292058431561,3
maritime-137,maritime,1,0.49354511107571725,0.257819555697131,0.665,0.0,0.0,1
maritime-137,maritime,2,0.49354511107571725,0.257819555697131,0.665,0.33333333333333337,0.09233598004541024,2
maritime-137,maritime,4,0.49354511107571725,0.257819555697131,0.665,0.6111111111111112,0.23151529769528842,2
maritime-137,maritime,8,0.49354511107571725,0.257819555697131,0.665,0.6559523809523811,0.23151529769528842,2
maritime-137,maritime,16,0.477752174842244,0.3209913006310239,0.44,0.6998611111111112,0.3537888325103154,4
multi-domain-138,mixed,1,0.48785515888977304,0.257819555697131,0.665,0.0,0.0,1
multi-domain-138,mixed,2,0.48785515888977304,0.257819555697131,0.665,0.33333333333333337,0.09233598004541024,2
multi-domain-138,mixed,4,0.48785515888977304,0.257819555697131,0.665,0.6111111111111112,0.23151529769528842,2
multi-domain-138,mixed,8,0.48785515888977304,0.257819555697131,0.665,0.6559523809523811,0.23151529769528842,2
multi-domain-138,mixed,16,0.4720622226562998,0.3209913006310239,0.44,0.6998611111111112,0.3537888325103154,4
air-defense-139,air_defense,1,0.5044103053802659,0.20435877847893635,0.665,0.0,0.0,1
air-defense-139,air_defense,2,0.5044103053802659,0.20435877847893635,0.665,0.25,0.10169089681023288,2
air-defense-139,air_defense,4,0.4808563121177272,0.2985747515290911,0.805,0.6083333333333334,0.317853165955979,1
air-defense-139,air_defense,8,0.4808563121177272,0.2985747515290911,0.805,0.5827380952380954,0.317853165955979,2
air-defense-139,air_defense,16,0.475252174842244,0.3209913006310239,0.805,0.6156944444444442,0.3428079028023861,2
humanitarian-evacuation-140,urban_humanitarian,1,0.4946104067862381,0.2205583728550477,1.0,0.0,0.0,1
humanitarian-evacuation-140,urban_humanitarian,2,0.4946104067862381,0.2205583728550477,1.0,0.6666666666666667,0.09180873508637388,1
humanitarian-evacuation-140,urban_humanitarian,4,0.4792594474018163,0.28196221039273484,0.86,0.5777777777777778,0.15321257262406102,2
humanitarian-evacuation-140,urban_humanitarian,8,0.4792594474018163,0.28196221039273484,0.86,0.48214285714285715,0.18729191421715974,2
humanitarian-evacuation-140,urban_humanitarian,16,0.4648403319688374,0.33963867212465043,0.9550000000000001,0.4859722222222221,0.3381925981588029,2
urban-139,urban,1,0.4705172826783113,0.3084775092174875,0.59,0.0,0.0,1
urban-139,urban,2,0.4705172826783113,0.3084775092174875,0.59,0.6666666666666667,0.26376709767275475,1
urban-139,urban,4,0.4705172826783113,0.3084775092174875,0.59,0.8333333333333334,0.2690271678508169,2
urban-139,urban,8,0.4705172826783113,0.3084775092174875,0.59,0.7619047619047619,0.2690271678508169,2
urban-139,urban,16,0.4705172826783113,0.3084775092174875,0.59,0.7805555555555561,0.29742740356554925,4
maritime-140,maritime,1,0.5129225328280745,0.18030986868770194,0.44,0.0,0.0,1
maritime-140,maritime,2,0.47098922108003244,0.3480431156798703,0.805,0.8,0.16773324699216835,1
maritime-140,maritime,4,0.47098922108003244,0.3480431156798703,0.805,0.8166666666666668,0.30859277431319965,1
maritime-140,maritime,8,0.47098922108003244,0.3480431156798703,0.805,0.744047619047619,0.3156779126070007,1
maritime-140,maritime,16,0.47098922108003244,0.3480431156798703,0.805,0.7220833333333329,0.3194616185686423,1
multi-domain-141,mixed,1,0.5275571504766213,0.18030986868770194,0.44,0.0,0.0,1
multi-domain-141,mixed,2,0.4856238387285792,0.3480431156798703,0.805,0.8,0.16773324699216835,1
multi-domain-141,mixed,4,0.4856238387285792,0.3480431156798703,0.805,0.8166666666666668,0.30859277431319965,1
multi-domain-141,mixed,8,0.4856238387285792,0.3480431156798703,0.805,0.744047619047619,0.3156779126070007,1
multi-domain-141,mixed,16,0.4856238387285792,0.3480431156798703,0.805,0.7220833333333329,0.3194616185686423,1
air-defense-142,air_defense,1,0.5506964954526969,0.019214018189212034,0.625,0.0,0.0,1
air-defense-142,air_defense,2,0.5060220530108609,0.19791178795655628,0.805,0.8,0.17869776976734425,1
air-defense-142,air_defense,4,0.5060220530108609,0.19791178795655628,0.805,0.6888888888888888,0.17869776976734425,1
air-defense-142,air_defense,8,0.50083892288626,0.2186443084549603,0.62,0.6732142857142858,0.19943029026574827,2
air-defense-142,air_defense,16,0.4770291912569491,0.3138832349722037,0.665,0.6526388888888887,0.2946692167829917,3
humanitarian-evacuation-143,urban_humanitarian,1,0.4665138910792988,0.33294443568280485,0.775,0.0,0.0,1
humanitarian-evacuation-143,urban_humanitarian,2,0.4665138910792988,0.33294443568280485,0.775,0.75,0.0858854853032488,2
humanitarian-evacuation-143,urban_humanitarian,4,0.4665138910792988,0.33294443568280485,0.775,0.7666666666666666,0.19457938768235733,2
humanitarian-evacuation-143,urban_humanitarian,8,0.4665138910792988,0.33294443568280485,0.775,0.6785714285714287,0.20117270176233376,3
humanitarian-evacuation-143,urban_humanitarian,16,0.4665138910792988,0.33294443568280485,0.775,0.5834722222222225,0.3257922957843717,3
urban-142,urban,1,0.5246157358735654,0.147938317667589,0.77,0.0,0.0,1
urban-142,urban,2,0.5246157358735654,0.147938317667589,0.77,0.5,0.07157120642806378,1
urban-142,urban,4,0.5246157358735654,0.147938317667589,0.77,0.8611111111111112,0.07525453101914305,1
urban-142,urban,8,0.4814403158551591,0.320639997741214,0.725,0.7857142857142858,0.2542587554127141,2
urban-142,urban,16,0.4814403158551591,0.320639997741214,0.725,0.7583333333333336,0.3011468765081217,3
maritime-143,maritime,1,0.5401749563055039,0.07130017477798418,0.62,0.0,0.0,1
maritime-143,maritime,2,0.525175789665924,0.13129684133630382,0.5800000000000001,0.5,0.05999666655831963,2
maritime-143,maritime,4,0.4778591824068982,0.3205632703724073,0.665,0.763888888888889,0.2492630955944231,1
maritime-143,maritime,8,0.4778591824068982,0.3205632703724073,0.665,0.7547619047619049,0.301070149139315,2
maritime-143,maritime,16,0.47674582171623126,0.32501671313507485,0.62,0.7237500000000002,0.3055235919019826,4
multi-domain-144,mixed,1,0.5406198081238097,0.07130017477798418,0.62,0.0,0.0,1
multi-domain-144,mixed,2,0.5256206414842298,0.13129684133630382,0.5800000000000001,0.5,0.05999666655831963,2
multi-domain-144,mixed,4,0.47830403422520396,0.3205632703724073,0.665,0.763888888888889,0.2492630955944231,1
multi-domain-144,mixed,8,0.47830403422520396,0.3205632703724073,0.665,0.7547619047619049,0.301070149139315,2
multi-domain-144,mixed,16,0.47719067353453704,0.32501671313507485,0.62,0.7237500000000002,0.3055235919019826,4
air-defense-145,air_defense,1,0.5174749208622647,0.15210031655094164,0.85,0.0,0.0,1
air-defense-145,air_defense,2,0.49357759543696555,0.2476896182521378,0.5800000000000001,0.5,0.09558930170119617,2
air-defense-145,air_defense,4,0.49357759543696555,0.2476896182521378,0.5800000000000001,0.5388888888888889,0.1687755265164472,2
air-defense-145,air_defense,8,0.49357759543696555,0.2476896182521378,0.5800000000000001,0.5946428571428574,0.24337879720373512,2
air-defense-145,air_defense,16,0.4751185340246365,0.321525863901454,0.62,0.5976388888888887,0.3172150428530513,4
humanitarian-evacuation-146,urban_humanitarian,1,0.514024064477083,0.14290374209166773,1.0,0.0,0.0,1
humanitarian-evacuation-146,urban_humanitarian,2,0.5107595952391519,0.1559616190433922,0.8200000000000001,0.5,0.013057876951724473,2
humanitarian-evacuation-146,urban_humanitarian,4,0.47983401512289026,0.279663939508439,1.0,0.65,0.13676019741677126,1
humanitarian-evacuation-146,urban_humanitarian,8,0.47983401512289026,0.279663939508439,1.0,0.6035714285714284,0.2463124662754015,1
humanitarian-evacuation-146,urban_humanitarian,16,0.4738408249273634,0.30363670029054646,0.815,0.5816666666666666,0.27028522705750896,2
urban-145,urban,1,0.56178779819106,0.14381388087845365,0.545,0.0,0.0,1
urban-145,urban,2,0.5522333960498673,0.18203148944322445,0.73,0.6666666666666667,0.0382176085647708,1
urban-145,urban,4,0.516410406049335,0.3253234494453536,0.59,0.6666666666666669,0.24165310405606927,3
urban-145,urban,8,0.516410406049335,0.3253234494453536,0.59,0.767857142857143,0.27079012127881175,3
urban-145,urban,16,0.516410406049335,0.3253234494453536,0.59,0.7763888888888891,0.3057916515660628,2
maritime-146,maritime,1,0.48464140788270427,0.29343436846918286,0.575,0.0,0.0,1
maritime-146,maritime,2,0.48464140788270427,0.29343436846918286,0.575,1.0,0.061835188862979173,1
maritime-146,maritime,4,0.4766691376386616,0.3253234494453536,0.665,0.8277777777777778,0.2342311861092265,1
maritime-146,maritime,8,0.4766691376386616,0.3253234494453536,0.665,0.7345238095238097,0.3057916515660628,2
maritime-146,maritime,16,0.4766691376386616,0.3253234494453536,0.665,0.7129166666666661,0.3057916515660628,2
multi-domain-147,mixed,1,0.49768373586857284,0.29343436846918286,0.575,0.0,0.0,1
multi-domain-147,mixed,2,0.49768373586857284,0.29343436846918286,0.575,1.0,0.061835188862979173,1
multi-domain-147,mixed,4,0.48971146562453016,0.3253234494453536,0.665,0.8277777777777778,0.2342311861092265,1
multi-domain-147,mixed,8,0.48971146562453016,0.3253234494453536,0.665,0.7345238095238097,0.3057916515660628,2
multi-domain-147,mixed,16,0.48971146562453016,0.3253234494453536,0.665,0.7129166666666661,0.3057916515660628,2
air-defense-148,air_defense,1,0.5003199929432741,0.2207200282269037,0.76,0.0,0.0,1
air-defense-148,air_defense,2,0.5003199929432741,0.2207200282269037,0.76,0.4,0.13333714348702497,2
air-defense-148,air_defense,4,0.479105782364388,0.305576870542448,0.665,0.525,0.2510435423759062,3
air-defense-148,air_defense,8,0.479105782364388,0.305576870542448,0.665,0.6595238095238095,0.34488129257226885,4
air-defense-148,air_defense,16,0.47236069537044595,0.3325572185182162,0.665,0.6386111111111107,0.37186164054803705,3
humanitarian-evacuation-149,urban_humanitarian,1,0.5042421276391938,0.18203148944322445,0.9550000000000001,0.0,0.0,1
humanitarian-evacuation-149,urban_humanitarian,2,0.4958588532290158,0.21556458708393672,0.9550000000000001,0.4,0.03353309764071227,1
humanitarian-evacuation-149,urban_humanitarian,4,0.49373671606116537,0.22405313575533845,0.815,0.638888888888889,0.08037217523691534,2
humanitarian-evacuation-149,urban_humanitarian,8,0.49373671606116537,0.22405313575533845,0.815,0.6071428571428571,0.20130069008027776,2
humanitarian-evacuation-149,urban_humanitarian,16,0.48283155804192435,0.2676737678323026,1.0,0.5898611111111108,0.29678868313298146,1
urban-148,urban,1,0.5472211555203309,0.17771026602948925,0.59,0.0,0.0,1
urban-148,urban,2,0.5472211555203309,0.17771026602948925,0.59,0.6666666666666667,0.0701159941417547,2
urban-148,urban,4,0.5241862680145746,0.26984981605251457,0.59,0.7777777777777778,0.16225554416478002,3
urban-148,urban,8,0.5241862680145746,0.26984981605251457,0.59,0.7619047619047619,0.20853125336073972,4
urban-148,urban,16,0.5117451621800498,0.31961423939061345,0.91,0.7902777777777777,0.30200770144265693,1
maritime-149,maritime,1,0.5332963642837706,0.0988145428649175,0.485,0.0,0.0,1
maritime-149,maritime,2,0.5161898166229223,0.16724073350831065,0.805,0.8,0.06842619064339314,1
maritime-149,maritime,4,0.49090849394916797,0.268366024203328,0.665,0.8277777777777778,0.1695514813384105,2
maritime-149,maritime,8,0.49090849394916797,0.268366024203328,0.665,0.725,0.1695514813384105,3
maritime-149,maritime,16,0.49090849394916797,0.268366024203328,0.665,0.7131944444444442,0.2507594862553715,3
multi-domain-150,mixed,1,0.5570453911783348,0.0988145428649175,0.485,0.0,0.0,1
multi-domain-150,mixed,2,0.5399388435174866,0.16724073350831065,0.805,0.8,0.06842619064339314,1
multi-domain-150,mixed,4,0.5146575208437323,0.268366024203328,0.665,0.8277777777777778,0.1695514813384105,2
multi-domain-150,mixed,8,0.5146575208437323,0.268366024203328,0.665,0.725,0.1695514813384105,3
multi-domain-150,mixed,16,0.5146575208437323,0.268366024203328,0.665,0.7131944444444442,0.2507594862553715,3
air-defense-151,air_defense,1,0.4854259375918888,0.280296249632445,0.85,0.0,0.0,1
air-defense-151,air_defense,2,0.4850195999936556,0.2819216000253774,0.85,0.6,0.0016253503929324342,1
air-defense-151,air_defense,4,0.4850195999936556,0.2819216000253774,0.85,0.6499999999999999,0.167094959778609,1
air-defense-151,air_defense,8,0.4799016511510229,0.3023933953959084,0.805,0.6404761904761905,0.2847868574479519,2
air-defense-151,air_defense,16,0.47632766643949176,0.3166893342420331,0.625,0.6340277777777775,0.2990827962940766,3
humanitarian-evacuation-152,urban_humanitarian,1,0.47010349906933024,0.3185860037226791,1.0,0.0,0.0,1
humanitarian-evacuation-152,urban_humanitarian,2,0.47010349906933024,0.3185860037226791,1.0,0.5,0.21213337737285787,1
humanitarian-evacuation-152,urban_humanitarian,4,0.47010349906933024,0.3185860037226791,1.0,0.5444444444444445,0.21213337737285787,1
humanitarian-evacuation-152,urban_humanitarian,8,0.47010349906933024,0.3185860037226791,1.0,0.5726190476190477,0.33302295615731065,1
humanitarian-evacuation-152,urban_humanitarian,16,0.47010349906933024,0.3185860037226791,1.0,0.5788888888888889,0.33302295615731065,1
urban-151,urban,1,0.5339157163088184,0.19731277513361364,0.77,0.0,0.0,1
urban-151,urban,2,0.5339157163088184,0.19731277513361364,0.77,0.6666666666666667,0.10017503975500741,2
urban-151,urban,4,0.5339157163088184,0.19731277513361364,0.77,0.8055555555555557,0.2201164966317675,2
urban-151,urban,8,0.5219234407619097,0.2452818773212484,0.73,0.7500000000000002,0.26808559881940225,3
urban-151,urban,16,0.503280942911481,0.3198518687229633,0.77,0.7986111111111113,0.34265559022111713,2
maritime-152,maritime,1,0.4923852642219605,0.262458943112158,0.62,0.0,0.0,1
maritime-152,maritime,2,0.4923852642219605,0.262458943112158,0.62,0.75,0.07604781795103022,1
maritime-152,maritime,4,0.4923852642219605,0.262458943112158,0.62,0.7166666666666667,0.22634904797524255,2
maritime-152,maritime,8,0.4923852642219605,0.262458943112158,0.62,0.5875,0.22634904797524255,2
maritime-152,maritime,16,0.4923852642219605,0.262458943112158,0.62,0.6284722222222219,0.28534666114630447,3
multi-domain-153,mixed,1,0.53747613258465,0.262458943112158,0.62,0.0,0.0,1
multi-domain-153,mixed,2,0.53747613258465,0.262458943112158,0.62,0.75,0.07604781795103022,1
multi-domain-153,mixed,4,0.53747613258465,0.262458943112158,0.62,0.7166666666666667,0.22634904797524255,2
multi-domain-153,mixed,8,0.53747613258465,0.262458943112158,0.62,0.5875,0.22634904797524255,2
multi-domain-153,mixed,16,0.53747613258465,0.262458943112158,0.62,0.6284722222222219,0.28534666114630447,3
air-defense-154,air_defense,1,0.5510752673979263,0.017698930408294858,0.62,0.0,0.0,1
air-defense-154,air_defense,2,0.5510752673979263,0.017698930408294858,0.62,0.25,0.035029052061681956,2
air-defense-154,air_defense,4,0.5188524153115813,0.14659033875367466,0.665,0.5333333333333333,0.18939496495351366,2
air-defense-154,air_defense,8,0.5014617775966447,0.21615288961342138,0.665,0.55,0.2589575158132604,3
air-defense-154,air_defense,16,0.5014617775966447,0.21615288961342138,0.665,0.592361111111111,0.2589575158132604,3
humanitarian-evacuation-155,urban_humanitarian,1,0.47362911937177143,0.3044835225129142,0.9550000000000001,0.0,0.0,1
humanitarian-evacuation-155,urban_humanitarian,2,0.47362911937177143,0.3044835225129142,0.9550000000000001,0.4,0.16132569552636744,2
humanitarian-evacuation-155,urban_humanitarian,4,0.47362911937177143,0.3044835225129142,0.9550000000000001,0.4277777777777778,0.25499774272515713,2
humanitarian-evacuation-155,urban_humanitarian,8,0.47362911937177143,0.3044835225129142,0.9550000000000001,0.6053571428571429,0.3273712405470607,2
humanitarian-evacuation-155,urban_humanitarian,16,0.47362911937177143,0.3044835225129142,0.9550000000000001,0.6002777777777777,0.34238094377730544,2
urban-154,urban,1,0.49968935144314097,0.18937621256104267,0.725,0.0,0.0,1
urban-154,urban,2,0.49507282834837696,0.2078423049400988,0.77,0.0,0.018466092379056137,1
urban-154,urban,4,0.48026869216713014,0.26705884966508603,0.77,0.5555555555555557,0.2427467267315997,1
urban-154,urban,8,0.48026869216713014,0.26705884966508603,0.77,0.75,0.25509398765176566,1
urban-154,urban,16,0.45864071686997915,0.35357075085369005,0.725,0.7805555555555562,0.3416058888403697,3
maritime-155,maritime,1,0.5293743916857718,0.11450243325691277,0.575,0.0,0.0,1
maritime-155,maritime,2,0.5293743916857718,0.11450243325691277,0.575,0.8,0.03764643660086692,2
maritime-155,maritime,4,0.50722783458082,0.20308866167672016,0.805,0.8138888888888888,0.18784743142078664,1
maritime-155,maritime,8,0.4891446465775178,0.2754214136899287,0.62,0.7029761904761906,0.2601801834339951,3
maritime-155,maritime,16,0.4891446465775178,0.2754214136899287,0.62,0.7013888888888887,0.2601801834339951,3
multi-domain-156,mixed,1,0.5373477059583055,0.11450243325691277,0.575,0.0,0.0,1
multi-domain-156,mixed,2,0.5373477059583055,0.11450243325691277,0.575,0.8,0.03764643660086692,2
multi-domain-156,mixed,4,0.5152011488533537,0.20308866167672016,0.805,0.8138888888888888,0.18784743142078664,1
multi-domain-156,mixed,8,0.4971179608500515,0.2754214136899287,0.62,0.7029761904761906,0.2601801834339951,3
multi-domain-156,mixed,16,0.4971179608500515,0.2754214136899287,0.62,0.7013888888888887,0.2601801834339951,3
air-defense-157,air_defense,1,0.529163407712736,0.10534636914905612,0.575,0.0,0.0,1
air-defense-157,air_defense,2,0.529163407712736,0.10534636914905612,0.575,0.6,0.023802911041554534,2
air-defense-157,air_defense,4,0.5035655976463771,0.20773760941449174,0.665,0.48333333333333334,0.12619415130699013,2
air-defense-157,air_defense,8,0.47992960011692615,0.3022815995322954,0.665,0.6017857142857144,0.26991395732405093,2
air-defense-157,air_defense,16,0.47992960011692615,0.3022815995322954,0.665,0.6747222222222221,0.2807722690460639,2
humanitarian-evacuation-158,urban_humanitarian,1,0.4869141892390638,0.2513432430437448,0.77,0.0,0.0,1
humanitarian-evacuation-158,urban_humanitarian,2,0.4869141892390638,0.2513432430437448,0.77,0.25,0.048254581367024624,2
humanitarian-evacuation-158,urban_humanitarian,4,0.48089464657751785,0.2754214136899287,0.9550000000000001,0.48333333333333334,0.1829571640805867,2
humanitarian-evacuation-158,urban_humanitarian,8,0.48089464657751785,0.2754214136899287,0.9550000000000001,0.5428571428571428,0.24305377148168422,2
humanitarian-evacuation-158,urban_humanitarian,16,0.465283862237755,0.3378645510489801,1.0,0.5779166666666669,0.3724530792863823,1
urban-157,urban,1,0.497661759363003,0.17962277570459256,0.77,0.0,0.0,1
urban-157,urban,2,0.45216671026062727,0.3616029721140954,0.59,1.0,0.18198019640950286,2
urban-157,urban,4,0.45216671026062727,0.3616029721140954,0.59,0.888888888888889,0.1882739478216669,2
urban-157,urban,8,0.45216671026062727,0.3616029721140954,0.59,0.8095238095238096,0.3626475505119395,3
urban-157,urban,16,0.45216671026062727,0.3616029721140954,0.59,0.7611111111111114,0.3626475505119395,3
maritime-158,maritime,1,0.5152801192516575,0.17087952299337006,0.665,0.0,0.0,1
maritime-158,maritime,2,0.5152801192516575,0.17087952299337006,0.665,0.75,0.010173356553645874,1
maritime-158,maritime,4,0.49438249885173274,0.25447000459306895,0.62,0.6250000000000001,0.09376383815334477,2
maritime-158,maritime,8,0.49438249885173274,0.25447000459306895,0.62,0.7339285714285715,0.2770257385341264,2
maritime-158,maritime,16,0.4839465770424791,0.2962136918300835,0.62,0.6958333333333327,0.31876942577114087,2
multi-domain-159,mixed,1,0.5232938550448988,0.17087952299337006,0.665,0.0,0.0,1
multi-domain-159,mixed,2,0.5232938550448988,0.17087952299337006,0.665,0.75,0.010173356553645874,1
multi-domain-159,mixed,4,0.5023962346449741,0.25447000459306895,0.62,0.6250000000000001,0.09376383815334477,2
multi-domain-159,mixed,8,0.5023962346449741,0.25447000459306895,0.62,0.7339285714285715,0.2770257385341264,2
multi-domain-159,mixed,16,0.49196031283572045,0.2962136918300835,0.62,0.6958333333333327,0.31876942577114087,2
air-defense-160,air_defense,1,0.5416603259496684,0.05535869620132657,0.665,0.0,0.0,1
air-defense-160,air_defense,2,0.4974080756979985,0.2323676972080061,0.805,0.5,0.17700900100667952,1
air-defense-160,air_defense,4,0.4974080756979985,0.2323676972080061,0.805,0.638888888888889,0.2624024374302157,1
air-defense-160,air_defense,8,0.48612595994603414,0.2774961602158634,0.62,0.6089285714285715,0.30753090043807296,2
air-defense-160,air_defense,16,0.4814465770424791,0.2962136918300835,0.665,0.6011111111111108,0.3262484320522931,3
humanitarian-evacuation-161,urban_humanitarian,1,0.5114232184473321,0.15330712621067186,1.0,0.0,0.0,1
humanitarian-evacuation-161,urban_humanitarian,2,0.5114232184473321,0.15330712621067186,1.0,0.6,0.06237319852355308,1
humanitarian-evacuation-161,urban_humanitarian,4,0.5114232184473321,0.15330712621067186,1.0,0.6277777777777778,0.10457053238326774,1
humanitarian-evacuation-161,urban_humanitarian,8,0.47992420377317285,0.27930318490730865,1.0,0.5726190476190476,0.23056659107990454,1
humanitarian-evacuation-161,urban_humanitarian,16,0.47992420377317285,0.27930318490730865,1.0,0.5256944444444446,0.2877144502294438,1
urban-160,urban,1,0.49729942568496943,0.1672262735156263,0.91,0.0,0.0,1
urban-160,urban,2,0.4801241987158145,0.23592718139224597,0.77,1.0,0.06870090787661967,2
urban-160,urban,4,0.4772088077792967,0.24758874513831722,0.91,0.888888888888889,0.2024930346764696,1
urban-160,urban,8,0.47321759557422527,0.26355359395860306,0.77,0.7857142857142858,0.21845788349675543,2
urban-160,urban,16,0.4567896574934884,0.3292653462815506,0.77,0.7819444444444447,0.28416963581970295,2
maritime-161,maritime,1,0.5210375850589852,0.14784965976405923,0.805,0.0,0.0,1
maritime-161,maritime,2,0.5210375850589852,0.14784965976405923,0.805,1.0,0.025159117986871635,1
maritime-161,maritime,4,0.4810573025773735,0.30777078969050586,0.625,0.7361111111111112,0.30626675850260593,2
maritime-161,maritime,8,0.4810573025773735,0.30777078969050586,0.625,0.7964285714285716,0.30626675850260593,2
maritime-161,maritime,16,0.4750587873443226,0.33176485062270955,0.62,0.7141666666666665,0.3302608194348096,3
multi-domain-162,mixed,1,0.5106145036957701,0.14784965976405923,0.805,0.0,0.0,1
multi-domain-162,mixed,2,0.5106145036957701,0.14784965976405923,0.805,1.0,0.025159117986871635,1
multi-domain-162,mixed,4,0.4706342212141585,0.30777078969050586,0.625,0.7361111111111112,0.30626675850260593,2
multi-domain-162,mixed,8,0.4706342212141585,0.30777078969050586,0.625,0.7964285714285716,0.30626675850260593,2
multi-domain-162,mixed,16,0.46463570598110754,0.33176485062270955,0.62,0.7141666666666665,0.3302608194348096,3
air-defense-163,air_defense,1,0.48941470196111025,0.26434119215555907,0.805,0.0,0.0,1
air-defense-163,air_defense,2,0.48941470196111025,0.26434119215555907,0.805,0.33333333333333337,0.2078977501075111,1
air-defense-163,air_defense,4,0.47491094021253666,0.32235623914985334,0.665,0.5555555555555556,0.2659127971018054,2
air-defense-163,air_defense,8,0.47491094021253666,0.32235623914985334,0.665,0.6517857142857144,0.30181266922861827,3
air-defense-163,air_defense,16,0.46397642088568847,0.3660943164572462,0.665,0.6737499999999998,0.34555074653601114,3
humanitarian-evacuation-164,urban_humanitarian,1,0.4907682046519385,0.23592718139224597,1.0,0.0,0.0,1
humanitarian-evacuation-164,urban_humanitarian,2,0.4907682046519385,0.23592718139224597,1.0,0.5,0.19083147093039834,1
humanitarian-evacuation-164,urban_humanitarian,4,0.48386160151034924,0.26355359395860306,0.86,0.5944444444444446,0.22728655475378562,2
humanitarian-evacuation-164,urban_humanitarian,8,0.46680878734432263,0.33176485062270955,0.815,0.5952380952380951,0.2954978114178921,3
humanitarian-evacuation-164,urban_humanitarian,16,0.46680878734432263,0.33176485062270955,0.815,0.5644444444444444,0.3171220179451312,3
urban-163,urban,1,0.5481784483953945,0.04494789494999443,0.91,0.0,0.0,1
urban-163,urban,2,0.5424380441427108,0.06790951196072927,0.77,0.6666666666666667,0.022961617010734833,2
urban-163,urban,4,0.4990082141373933,0.24162883198199936,0.545,0.7777777777777778,0.19668093703200493,4
urban-163,urban,8,0.4990082141373933,0.24162883198199936,0.545,0.7142857142857145,0.19668093703200493,3
urban-163,urban,16,0.47429515972745917,0.34048104962173587,0.73,0.7486111111111112,0.3172306449429564,2
maritime-164,maritime,1,0.5500733326681414,0.03170666932743433,0.5800000000000001,0.0,0.0,1
maritime-164,maritime,2,0.5493002201138646,0.03479911954454144,0.44,0.75,0.0030924502171071136,2
maritime-164,maritime,4,0.5213777583732494,0.14648896650700255,0.625,0.8333333333333334,0.1567238938506385,2
maritime-164,maritime,8,0.48163154010787185,0.30547383956851254,0.665,0.7214285714285715,0.3157087669121485,2
maritime-164,maritime,16,0.48163154010787185,0.30547383956851254,0.665,0.7174999999999998,0.3157087669121485,2
multi-domain-165,mixed,1,0.5231937979869578,0.03170666932743433,0.5800000000000001,0.0,0.0,1
multi-domain-165,mixed,2,0.5224206854326809,0.03479911954454144,0.44,0.75,0.0030924502171071136,2
multi-domain-165,mixed,4,0.4944982236920657,0.14648896650700255,0.625,0.8333333333333334,0.1567238938506385,2
multi-domain-165,mixed,8,0.4547520054266882,0.30547383956851254,0.665,0.7214285714285715,0.3157087669121485,2
multi-domain-165,mixed,16,0.4547520054266882,0.30547383956851254,0.665,0.7174999999999998,0.3157087669121485,2
air-defense-166,air_defense,1,0.4864255283803529,0.2762978864785885,0.805,0.0,0.0,1
air-defense-166,air_defense,2,0.4864255283803529,0.2762978864785885,0.805,0.5,0.17719940223021632,1
air-defense-166,air_defense,4,0.4841630309843689,0.2853478760625244,0.71,0.5361111111111111,0.24993957758769852,2
air-defense-166,air_defense,8,0.46827496623876697,0.34890013504493206,0.665,0.6654761904761906,0.3134918365701062,3
air-defense-166,air_defense,16,0.46827496623876697,0.34890013504493206,0.665,0.6430555555555554,0.3553844089037404,3
humanitarian-evacuation-167,urban_humanitarian,1,0.5327726220098177,0.06790951196072927,1.0,0.0,0.0,1
humanitarian-evacuation-167,urban_humanitarian,2,0.5327726220098177,0.06790951196072927,1.0,0.0,0.07814443930436524,1
humanitarian-evacuation-167,urban_humanitarian,4,0.4990466039767347,0.20281358409306105,1.0,0.39999999999999997,0.213048511436697,1
humanitarian-evacuation-167,urban_humanitarian,8,0.4843586663135465,0.26156533474581406,0.86,0.5000000000000001,0.27180026208945,2
humanitarian-evacuation-167,urban_humanitarian,16,0.48082431213879323,0.27570275144482714,0.775,0.570972222222222,0.2859376787884631,3
urban-166,urban,1,0.5187471376902999,0.18943977633668568,0.73,0.0,0.0,1
urban-166,urban,2,0.5187471376902999,0.18943977633668568,0.73,0.6666666666666667,0.16392196946251558,1
urban-166,urban,4,0.4923135504310976,0.29517412537349486,0.685,0.8055555555555557,0.29560812851226737,3
urban-166,urban,8,0.48583713802028594,0.3210797750167414,0.91,0.8333333333333333,0.3215137781555139,1
urban-166,urban,16,0.48583713802028594,0.3210797750167414,0.91,0.7750000000000001,0.3215137781555139,1
maritime-167,maritime,1,0.541476973341404,0.06609210663438422,0.805,0.0,0.0,1
maritime-167,maritime,2,0.4954294487047917,0.25028220518083316,0.76,0.5,0.18419009854644894,2
maritime-167,maritime,4,0.48420646865662625,0.29517412537349486,0.76,0.4444444444444445,0.22908201873911063,2
maritime-167,maritime,8,0.48420646865662625,0.29517412537349486,0.76,0.6107142857142858,0.28187285432278464,2
maritime-167,maritime,16,0.48420646865662625,0.29517412537349486,0.76,0.64625,0.28187285432278464,2
multi-domain-168,mixed,1,0.5650582729865873,0.06609210663438422,0.805,0.0,0.0,1
multi-domain-168,mixed,2,0.5190107483499751,0.25028220518083316,0.76,0.5,0.18419009854644894,2
multi-domain-168,mixed,4,0.5077877683018096,0.29517412537349486,0.76,0.4444444444444445,0.22908201873911063,2
multi-domain-168,mixed,8,0.5077877683018096,0.29517412537349486,0.76,0.6107142857142858,0.28187285432278464,2
multi-domain-168,mixed,16,0.5077877683018096,0.29517412537349486,0.76,0.64625,0.28187285432278464,2
air-defense-169,air_defense,1,0.5344340845660325,0.08426366173587023,0.805,0.0,0.0,1
air-defense-169,air_defense,2,0.5344340845660325,0.08426366173587023,0.805,0.4,0.04278554909028333,1
air-defense-169,air_defense,4,0.4648593265283816,0.3625626938864737,0.665,0.5805555555555556,0.3210845812408868,2
air-defense-169,air_defense,8,0.4648593265283816,0.3625626938864737,0.665,0.6083333333333334,0.3210845812408868,3
air-defense-169,air_defense,16,0.4648593265283816,0.3625626938864737,0.665,0.6663888888888886,0.34883872584642467,3
humanitarian-evacuation-170,urban_humanitarian,1,0.5117370889217273,0.15205164431309087,1.0,0.0,0.0,1
humanitarian-evacuation-170,urban_humanitarian,2,0.4759564686566263,0.29517412537349486,0.9550000000000001,0.6666666666666667,0.14312248106040398,2
humanitarian-evacuation-170,urban_humanitarian,4,0.4759564686566263,0.29517412537349486,0.9550000000000001,0.5,0.24567594208214774,2
humanitarian-evacuation-170,urban_humanitarian,8,0.4759564686566263,0.29517412537349486,0.9550000000000001,0.5595238095238095,0.24567594208214774,2
humanitarian-evacuation-170,urban_humanitarian,16,0.4759564686566263,0.29517412537349486,0.9550000000000001,0.5333333333333331,0.27640749943461757,2
urban-169,urban,1,0.5573829817059326,0.04096353121874006,0.545,0.0,0.0,1
urban-169,urban,2,0.49517997047872214,0.28977557612758176,0.545,1.0,0.2488120449088417,1
urban-169,urban,4,0.49517997047872214,0.28977557612758176,0.545,0.888888888888889,0.2488120449088417,2
urban-169,urban,8,0.4924879312763451,0.30054373293708997,0.77,0.8452380952380952,0.2595802017183499,1
urban-169,urban,16,0.48504845437569055,0.33030164053970806,0.77,0.7277777777777785,0.289338109320968,1
maritime-170,maritime,1,0.5128244946017754,0.1807020215928986,0.62,0.0,0.0,1
maritime-170,maritime,2,0.4934475789545683,0.25820968418172663,0.625,0.75,0.07750766258882802,1
maritime-170,maritime,4,0.48720466266397705,0.2831813493440918,0.805,0.875,0.10247932775119317,1
maritime-170,maritime,8,0.48720466266397705,0.2831813493440918,0.805,0.6880952380952381,0.1751238647188233,1
maritime-170,maritime,16,0.475945854790062,0.32821658083975186,0.62,0.7183333333333334,0.2665259084914747,2
multi-domain-171,mixed,1,0.5250785599749908,0.1807020215928986,0.62,0.0,0.0,1
multi-domain-171,mixed,2,0.5057016443277838,0.25820968418172663,0.625,0.75,0.07750766258882802,1
multi-domain-171,mixed,4,0.49945872803719243,0.2831813493440918,0.805,0.875,0.10247932775119317,1
multi-domain-171,mixed,8,0.49945872803719243,0.2831813493440918,0.805,0.6880952380952381,0.1751238647188233,1
multi-domain-171,mixed,16,0.4881999201632774,0.32821658083975186,0.62,0.7183333333333334,0.2665259084914747,2
air-defense-172,air_defense,1,0.5058704920083505,0.19851803196659784,0.665,0.0,0.0,1
air-defense-172,air_defense,2,0.48321000747138704,0.2891599701144518,0.76,0.6,0.09064193814785398,1
air-defense-172,air_defense,4,0.48321000747138704,0.2891599701144518,0.76,0.5972222222222222,0.17592437436354744,1
air-defense-172,air_defense,8,0.48321000747138704,0.2891599701144518,0.76,0.6470238095238097,0.24172409318292998,3
air-defense-172,air_defense,16,0.48321000747138704,0.2891599701144518,0.76,0.6101388888888887,0.2430737269793013,3
humanitarian-evacuation-173,urban_humanitarian,1,0.4773061059681046,0.28977557612758176,0.815,0.0,0.0,1
humanitarian-evacuation-173,urban_humanitarian,2,0.4773061059681046,0.28977557612758176,0.815,0.25,0.09513117856881545,1
humanitarian-evacuation-173,urban_humanitarian,4,0.4773061059681046,0.28977557612758176,0.815,0.663888888888889,0.1571765484486096,3
humanitarian-evacuation-173,urban_humanitarian,8,0.4773061059681046,0.28977557612758176,0.815,0.507142857142857,0.2089665510515569,3
humanitarian-evacuation-173,urban_humanitarian,16,0.47095338100451384,0.3151864759819446,1.0,0.5245833333333334,0.23437745090591974,1
urban-172,urban,1,0.4961927715931366,0.2819715567938529,0.77,0.0,0.0,1
urban-172,urban,2,0.4961927715931366,0.2819715567938529,0.77,0.6666666666666667,0.1368900259522813,2
urban-172,urban,4,0.4961927715931366,0.2819715567938529,0.77,0.5555555555555557,0.1368900259522813,2
urban-172,urban,8,0.4961927715931366,0.2819715567938529,0.77,0.7321428571428573,0.21748802098363498,2
urban-172,urban,16,0.4961927715931366,0.2819715567938529,0.77,0.7750000000000004,0.3232346772757896,2
maritime-173,maritime,1,0.5613838552640306,-0.01353542105612239,0.665,0.0,0.0,1
maritime-173,maritime,2,0.524148910034715,0.1354043598611399,0.76,1.0,0.1489397809172623,1
maritime-173,maritime,4,0.4824516717949613,0.3021933128201548,0.5800000000000001,0.6833333333333332,0.3157287338762772,3
maritime-173,maritime,8,0.4824516717949613,0.3021933128201548,0.5800000000000001,0.7071428571428573,0.3157287338762772,3
maritime-173,maritime,16,0.4824516717949613,0.3021933128201548,0.5800000000000001,0.6673611111111106,0.32544510018074313,3
multi-domain-174,mixed,1,0.5960359569900281,-0.01353542105612239,0.665,0.0,0.0,1
multi-domain-174,mixed,2,0.5588010117607125,0.1354043598611399,0.76,1.0,0.1489397809172623,1
multi-domain-174,mixed,4,0.5171037735209588,0.3021933128201548,0.5800000000000001,0.6833333333333332,0.3157287338762772,3
multi-domain-174,mixed,8,0.5171037735209588,0.3021933128201548,0.5800000000000001,0.7071428571428573,0.3157287338762772,3
multi-domain-174,mixed,16,0.5171037735209588,0.3021933128201548,0.5800000000000001,0.6673611111111106,0.32544510018074313,3
air-defense-175,air_defense,1,0.518649627707118,0.14740148917152796,0.665,0.0,0.0,1
air-defense-175,air_defense,2,0.518649627707118,0.14740148917152796,0.665,1.0,0.05438063947349736,2
air-defense-175,air_defense,4,0.518649627707118,0.14740148917152796,0.665,0.7333333333333334,0.08757034473432954,2
air-defense-175,air_defense,8,0.49104222196168706,0.2578311121532518,0.62,0.643452380952381,0.22712445499272899,2
air-defense-175,air_defense,16,0.4725178854742942,0.3319284581028233,0.805,0.6261111111111111,0.3533115270757182,2
humanitarian-evacuation-176,urban_humanitarian,1,0.4709566244248061,0.3151735023007755,0.86,0.0,0.0,1
humanitarian-evacuation-176,urban_humanitarian,2,0.4709566244248061,0.3151735023007755,0.86,0.5,0.08008139998195463,2
humanitarian-evacuation-176,urban_humanitarian,4,0.4709566244248061,0.3151735023007755,0.86,0.5,0.09831061100585281,2
humanitarian-evacuation-176,urban_humanitarian,8,0.4709566244248061,0.3151735023007755,0.86,0.588095238095238,0.23057720087388237,2
humanitarian-evacuation-176,urban_humanitarian,16,0.4682226645857826,0.32610934165686956,0.815,0.5831944444444445,0.33326204688705074,2
urban-175,urban,1,0.5612705362843946,-0.01762641905044514,0.59,0.0,0.0,1
urban-175,urban,2,0.47384123499781694,0.3320907860958654,0.59,0.5,0.34971720514631055,1
urban-175,urban,4,0.47384123499781694,0.3320907860958654,0.59,0.6944444444444445,0.34971720514631055,2
urban-175,urban,8,0.47384123499781694,0.3320907860958654,0.59,0.8035714285714286,0.3678214100111983,2
urban-175,urban,16,0.47384123499781694,0.3320907860958654,0.59,0.8000000000000005,0.3678214100111983,2
maritime-176,maritime,1,0.554389723394747,0.014441106421012095,0.625,0.0,0.0,1
maritime-176,maritime,2,0.530608192879519,0.10956722848192417,0.44,0.8,0.09512612206091207,2
maritime-176,maritime,4,0.5107286700476363,0.18908531980945475,0.805,0.6555555555555556,0.17464421338844266,1
maritime-176,maritime,8,0.49077563751536346,0.26889744993854614,0.5800000000000001,0.7333333333333334,0.25445634351753404,3
maritime-176,maritime,16,0.48349242283749294,0.2980303086500283,0.76,0.6972222222222222,0.2835892022290162,2
multi-domain-177,mixed,1,0.5839825561035054,0.014441106421012095,0.625,0.0,0.0,1
multi-domain-177,mixed,2,0.5602010255882773,0.10956722848192417,0.44,0.8,0.09512612206091207,2
multi-domain-177,mixed,4,0.5403215027563947,0.18908531980945475,0.805,0.6555555555555556,0.17464421338844266,1
multi-domain-177,mixed,8,0.5203684702241218,0.26889744993854614,0.5800000000000001,0.7333333333333334,0.25445634351753404,3
multi-domain-177,mixed,16,0.5130852555462513,0.2980303086500283,0.76,0.6972222222222222,0.2835892022290162,2
air-defense-178,air_defense,1,0.5206579376527334,0.13936824938906664,0.85,0.0,0.0,1
air-defense-178,air_defense,2,0.5206579376527334,0.13936824938906664,0.85,0.6,0.014533043371823831,1
air-defense-178,air_defense,4,0.48827563751536346,0.26889744993854614,0.625,0.5861111111111111,0.14406224392130335,2
air-defense-178,air_defense,8,0.48347361532360905,0.2881055387055638,0.805,0.5845238095238096,0.18600891268110642,2
air-defense-178,air_defense,16,0.47794636065966306,0.31021455736134784,0.805,0.5662500000000001,0.23759180947510386,2
humanitarian-evacuation-179,urban_humanitarian,1,0.5464623262434575,0.013150695026170264,1.0,0.0,0.0,1
humanitarian-evacuation-179,urban_humanitarian,2,0.4695961836809186,0.32061526527632567,0.77,0.6666666666666667,0.3074645702501554,2
humanitarian-evacuation-179,urban_humanitarian,4,0.465157922755613,0.338368308977548,0.9550000000000001,0.4666666666666666,0.3252176139513777,2
humanitarian-evacuation-179,urban_humanitarian,8,0.465157922755613,0.338368308977548,0.9550000000000001,0.4821428571428571,0.3252176139513777,2
humanitarian-evacuation-179,urban_humanitarian,16,0.4563335998343338,0.3736656006626648,0.86,0.5318055555555554,0.4054113885777375,3
urban-178,urban,1,0.4893924240671194,0.33521617739687887,0.91,0.0,0.0,1
urban-178,urban,2,0.4893924240671194,0.33521617739687887,0.91,0.6666666666666667,0.12635705973451605,1
urban-178,urban,4,0.4893924240671194,0.33521617739687887,0.91,0.6666666666666669,0.2575583276155319,1
urban-178,urban,8,0.4893924240671194,0.33521617739687887,0.91,0.7142857142857143,0.2575583276155319,1
urban-178,urban,16,0.4893924240671194,0.33521617739687887,0.91,0.7722222222222227,0.318479263402653,1
maritime-179,maritime,1,0.5175412009983394,0.1618351960066422,0.76,0.0,0.0,1
maritime-179,maritime,2,0.5003496483064073,0.2306014067743708,0.5800000000000001,0.5,0.0687662107677286,2
maritime-179,maritime,4,0.4910865839741327,0.2676536641034692,0.76,0.7361111111111112,0.10581846809682699,2
maritime-179,maritime,8,0.4910865839741327,0.2676536641034692,0.76,0.6976190476190476,0.281753891330299,2
maritime-179,maritime,16,0.48641197805925857,0.2863520877629656,0.625,0.6849999999999997,0.3004523149897954,3
multi-domain-180,mixed,1,0.5070875861281796,0.1618351960066422,0.76,0.0,0.0,1
multi-domain-180,mixed,2,0.48989603343624744,0.2306014067743708,0.5800000000000001,0.5,0.0687662107677286,2
multi-domain-180,mixed,4,0.4806329691039728,0.2676536641034692,0.76,0.7361111111111112,0.10581846809682699,2
multi-domain-180,mixed,8,0.4806329691039728,0.2676536641034692,0.76,0.6976190476190476,0.281753891330299,2
multi-domain-180,mixed,16,0.47595836318909873,0.2863520877629656,0.625,0.6849999999999997,0.3004523149897954,3
air-defense-181,air_defense,1,0.5154902765991198,0.16003889360352053,0.76,0.0,0.0,1
air-defense-181,air_defense,2,0.5154902765991198,0.16003889360352053,0.76,0.25,0.0051842719811789895,2
air-defense-181,air_defense,4,0.5154902765991198,0.16003889360352053,0.76,0.6194444444444445,0.06517395667414197,2
air-defense-181,air_defense,8,0.4937115209327312,0.2471539162690754,0.625,0.6357142857142858,0.21121264976877557,3
air-defense-181,air_defense,16,0.48152565692644766,0.29589737229420926,0.715,0.6415277777777775,0.2693923379543345,3
humanitarian-evacuation-182,urban_humanitarian,1,0.48961957317428856,0.2405217073028458,0.9550000000000001,0.0,0.0,1
humanitarian-evacuation-182,urban_humanitarian,2,0.48961957317428856,0.2405217073028458,0.9550000000000001,0.6,0.028980737015211006,2
humanitarian-evacuation-182,urban_humanitarian,4,0.4711711150771885,0.31431553969124604,1.0,0.5805555555555556,0.32841576691807584,1
humanitarian-evacuation-182,urban_humanitarian,8,0.4711711150771885,0.31431553969124604,1.0,0.6071428571428574,0.32841576691807584,1
humanitarian-evacuation-182,urban_humanitarian,16,0.4711711150771885,0.31431553969124604,1.0,0.5615277777777777,0.32841576691807584,1
urban-181,urban,1,0.47842968152123716,0.3231002568233372,0.59,0.0,0.0,1
urban-181,urban,2,0.47842968152123716,0.3231002568233372,0.59,0.0,0.11132144845562592,2
urban-181,urban,4,0.47842968152123716,0.3231002568233372,0.59,0.5555555555555557,0.11132144845562592,2
urban-181,urban,8,0.4697824717908468,0.3576890957448986,0.77,0.7440476190476192,0.16475355786152523,1
urban-181,urban,16,0.4666870928196472,0.3700706116296971,0.73,0.7319444444444448,0.29839426721476936,3
maritime-182,maritime,1,0.5358843533140593,0.08846258674376273,0.805,0.0,0.0,1
maritime-182,maritime,2,0.4996610070106918,0.23335597195723257,0.665,0.75,0.14489338521346984,2
maritime-182,maritime,4,0.4996610070106918,0.23335597195723257,0.665,0.7166666666666667,0.14489338521346984,2
maritime-182,maritime,8,0.4996610070106918,0.23335597195723257,0.665,0.7946428571428574,0.21073760203719438,2
maritime-182,maritime,16,0.4941414011868192,0.2554343952527232,0.625,0.7459722222222219,0.256588812617058,4
multi-domain-183,mixed,1,0.5348160871540455,0.08846258674376273,0.805,0.0,0.0,1
multi-domain-183,mixed,2,0.498592740850678,0.23335597195723257,0.665,0.75,0.14489338521346984,2
multi-domain-183,mixed,4,0.498592740850678,0.23335597195723257,0.665,0.7166666666666667,0.14489338521346984,2
multi-domain-183,mixed,8,0.498592740850678,0.23335597195723257,0.665,0.7946428571428574,0.21073760203719438,2
multi-domain-183,mixed,16,0.4930731350268054,0.2554343952527232,0.625,0.7459722222222219,0.256588812617058,4
air-defense-184,air_defense,1,0.49356810855321964,0.24772756578712146,0.485,0.0,0.0,1
air-defense-184,air_defense,2,0.49356810855321964,0.24772756578712146,0.485,0.8,0.07435373703605913,2
air-defense-184,air_defense,4,0.49356810855321964,0.24772756578712146,0.485,0.6972222222222223,0.17532717288915445,3
air-defense-184,air_defense,8,0.478161835620393,0.3093526575184281,0.62,0.6636904761904763,0.2369522646204611,4
air-defense-184,air_defense,16,0.478161835620393,0.3093526575184281,0.62,0.6084722222222222,0.34709362395799814,3
humanitarian-evacuation-185,urban_humanitarian,1,0.49390121093539047,0.2233951562584381,0.86,0.0,0.0,1
humanitarian-evacuation-185,urban_humanitarian,2,0.49390121093539047,0.2233951562584381,0.86,0.5,0.08129707864760055,2
humanitarian-evacuation-185,urban_humanitarian,4,0.49390121093539047,0.2233951562584381,0.86,0.6888888888888888,0.08129707864760055,2
humanitarian-evacuation-185,urban_humanitarian,8,0.47241183562039296,0.3093526575184281,0.9550000000000001,0.6208333333333332,0.23407152356800398,2
humanitarian-evacuation-185,urban_humanitarian,16,0.47241183562039296,0.3093526575184281,0.9550000000000001,0.5901388888888888,0.2789276489499678,2
urban-184,urban,1,0.5739094855908512,0.021023409629408213,0.59,0.0,0.0,1
urban-184,urban,2,0.514245249717268,0.2596803531237408,0.545,1.0,0.2386569434943326,2
urban-184,urban,4,0.514245249717268,0.2596803531237408,0.545,0.8333333333333335,0.2386569434943326,2
urban-184,urban,8,0.514245249717268,0.2596803531237408,0.545,0.7797619047619049,0.27722751846472415,4
urban-184,urban,16,0.5068317225620167,0.28933446174474625,0.77,0.6541666666666667,0.3068816270857295,2
maritime-185,maritime,1,0.48869479740638094,0.2772208103744761,0.44,0.0,0.0,1
maritime-185,maritime,2,0.48869479740638094,0.2772208103744761,0.44,0.75,0.06589280198107367,2
maritime-185,maritime,4,0.48869479740638094,0.2772208103744761,0.44,0.5555555555555556,0.19923585637105734,2
maritime-185,maritime,8,0.48869479740638094,0.2772208103744761,0.44,0.7577380952380952,0.19923585637105734,3
maritime-185,maritime,16,0.4650198018541821,0.37192079258327143,0.665,0.6508333333333329,0.37312269872319836,2
multi-domain-186,mixed,1,0.4931909094122146,0.2772208103744761,0.44,0.0,0.0,1
multi-domain-186,mixed,2,0.4931909094122146,0.2772208103744761,0.44,0.75,0.06589280198107367,2
multi-domain-186,mixed,4,0.4931909094122146,0.2772208103744761,0.44,0.5555555555555556,0.19923585637105734,2
multi-domain-186,mixed,8,0.4931909094122146,0.2772208103744761,0.44,0.7577380952380952,0.19923585637105734,3
multi-domain-186,mixed,16,0.4695159138600158,0.37192079258327143,0.665,0.6508333333333329,0.37312269872319836,2
air-defense-187,air_defense,1,0.51973097221039,0.1430761111584401,0.625,0.0,0.0,1
air-defense-187,air_defense,2,0.51973097221039,0.1430761111584401,0.625,0.6666666666666667,0.027902749228077575,2
air-defense-187,air_defense,4,0.4869753401574083,0.27409863937036677,0.76,0.8194444444444445,0.17769207849699492,2
air-defense-187,air_defense,8,0.4869753401574083,0.27409863937036677,0.76,0.6601190476190476,0.22318218617188915,3
air-defense-187,air_defense,16,0.47808930057115256,0.3096427977153898,0.62,0.6301388888888887,0.3108447038553167,4
humanitarian-evacuation-188,urban_humanitarian,1,0.4848299117190648,0.2596803531237408,0.8200000000000001,0.0,0.0,1
humanitarian-evacuation-188,urban_humanitarian,2,0.4848299117190648,0.2596803531237408,0.8200000000000001,0.6,0.046152488673886216,2
humanitarian-evacuation-188,urban_humanitarian,4,0.480222213182679,0.27811114726928393,0.77,0.7277777777777777,0.09177098602778852,3
humanitarian-evacuation-188,urban_humanitarian,8,0.4778811941909217,0.28747522323631336,1.0,0.6958333333333334,0.22850295893396722,1
humanitarian-evacuation-188,urban_humanitarian,16,0.4669305273887741,0.33127789044490363,1.0,0.6506944444444441,0.31987072036240416,1
urban-187,urban,1,0.4977217956072499,0.28424298612521975,0.77,0.0,0.0,1
urban-187,urban,2,0.4977217956072499,0.28424298612521975,0.77,1.0,0.05055183471743496,1
urban-187,urban,4,0.4977217956072499,0.28424298612521975,0.77,0.9166666666666666,0.1013538634240923,2
urban-187,urban,8,0.4977217956072499,0.28424298612521975,0.77,0.8214285714285715,0.2739828198982429,2
urban-187,urban,16,0.4977217956072499,0.28424298612521975,0.77,0.7916666666666671,0.3103368067260506,2
maritime-188,maritime,1,0.5412899990244175,0.06684000390232962,0.665,0.0,0.0,1
maritime-188,maritime,2,0.5269812050305309,0.12407517987787636,0.62,0.75,0.05723517597554674,2
maritime-188,maritime,4,0.4808191989174345,0.3087232043302618,0.62,0.6055555555555556,0.2700478147842139,3
maritime-188,maritime,8,0.4808191989174345,0.3087232043302618,0.62,0.6732142857142857,0.2700478147842139,2
maritime-188,maritime,16,0.4808191989174345,0.3087232043302618,0.62,0.7113888888888887,0.2700478147842139,3
multi-domain-189,mixed,1,0.5538795763971949,0.06684000390232962,0.665,0.0,0.0,1
multi-domain-189,mixed,2,0.5395707824033081,0.12407517987787636,0.62,0.75,0.05723517597554674,2
multi-domain-189,mixed,4,0.49340877629021185,0.3087232043302618,0.62,0.6055555555555556,0.2700478147842139,3
multi-domain-189,mixed,8,0.49340877629021185,0.3087232043302618,0.62,0.6732142857142857,0.2700478147842139,2
multi-domain-189,mixed,16,0.49340877629021185,0.3087232043302618,0.62,0.7113888888888887,0.2700478147842139,3
air-defense-190,air_defense,1,0.5178585987299053,0.15056560508037892,0.71,0.0,0.0,1
air-defense-190,air_defense,2,0.5178585987299053,0.15056560508037892,0.71,0.75,0.038862898694972045,2
air-defense-190,air_defense,4,0.5178585987299053,0.15056560508037892,0.71,0.6277777777777779,0.14735343265292866,3
air-defense-190,air_defense,8,0.5133767920386205,0.1684928318455181,0.625,0.6488095238095238,0.16528065941806785,4
air-defense-190,air_defense,16,0.47548477904437547,0.3200608838224981,0.44,0.6501388888888887,0.31684871139504783,4
humanitarian-evacuation-191,urban_humanitarian,1,0.4952319333390863,0.2180722666436548,0.86,0.0,0.0,1
humanitarian-evacuation-191,urban_humanitarian,2,0.4952319333390863,0.2180722666436548,0.86,0.5,0.15960028852487934,2
humanitarian-evacuation-191,urban_humanitarian,4,0.4745606323892433,0.30075747044302675,0.9550000000000001,0.6583333333333333,0.24228549232425128,1
humanitarian-evacuation-191,urban_humanitarian,8,0.4745606323892433,0.30075747044302675,0.9550000000000001,0.6583333333333334,0.27039634267626,1
humanitarian-evacuation-191,urban_humanitarian,16,0.4664962309258939,0.3330150762964244,0.8200000000000001,0.6091666666666663,0.3556205182366427,2
